{"chunk_definitions":[{"row":33,"row_count":1,"visible":true,"expansion_state":0,"options":{"engine":"r","label":"unnamed-chunk-45","dev":"png"},"document_id":"43D53796","chunk_id":"c1n6814vt96od","chunk_label":"unnamed-chunk-1"},{"row":46,"row_count":1,"visible":true,"expansion_state":0,"options":{"engine":"r","label":"unnamed-chunk-1","dev":"png"},"document_id":"43D53796","chunk_id":"ci44vi0iidklo","chunk_label":"unnamed-chunk-2"},{"row":60,"row_count":1,"visible":true,"expansion_state":0,"options":{"engine":"r","label":"unnamed-chunk-48","dev":"png"},"document_id":"43D53796","chunk_id":"csghi9ukuabk9","chunk_label":"unnamed-chunk-3"},{"row":73,"row_count":1,"visible":true,"expansion_state":0,"options":{"engine":"r","label":"unnamed-chunk-49","dev":"png"},"document_id":"43D53796","chunk_id":"cni0kx53ifoc5","chunk_label":"unnamed-chunk-4"},{"row":99,"row_count":1,"visible":true,"expansion_state":0,"options":{"engine":"r","label":"unnamed-chunk-6","dev":"png"},"document_id":"43D53796","chunk_id":"capdvi2ngl5c0","chunk_label":"unnamed-chunk-5"},{"row":146,"row_count":1,"visible":true,"expansion_state":0,"options":{"engine":"r","label":"unnamed-chunk-28","dev":"png"},"document_id":"43D53796","chunk_id":"cmcz3t23fanzt","chunk_label":"unnamed-chunk-6"},{"row":168,"row_count":1,"visible":true,"expansion_state":0,"options":{"engine":"r","label":"unnamed-chunk-13","dev":"png"},"document_id":"43D53796","chunk_id":"cbuajm8lufjgp","chunk_label":"unnamed-chunk-7"},{"row":290,"row_count":1,"visible":true,"expansion_state":0,"options":{"engine":"r","dev":"png"},"document_id":"43D53796","chunk_id":"cc08eucbcr0w0","chunk_label":"unnamed-chunk-11"},{"row":350,"row_count":1,"visible":true,"expansion_state":0,"options":{"engine":"r","label":"unnamed-chunk-46","dev":"png"},"document_id":"43D53796","chunk_id":"cf0144k503jdu","chunk_label":"unnamed-chunk-15"}],"doc_write_time":1765234896,"chunk_rendered_width":665}